<?xml version="1.0" encoding="UTF-8"?>
<export version="D">
  <design>
    <source>H:\Senior_Design\MotorControllerPowerBoard (copy)\MotorControllerPowerBoard\MotorControllerPowerBoard.sch</source>
    <date>1/10/2019 1:36:38 PM</date>
    <tool>Eeschema (5.0.0)</tool>
    <sheet number="1" name="/" tstamps="/">
      <title_block>
        <title>Power Board Schematic</title>
        <company>Cedarville University</company>
        <rev/>
        <date>2019-01-10</date>
        <source>MotorControllerPowerBoard.sch</source>
        <comment number="1" value="Supermileage Motor Controller"/>
        <comment number="2" value="Senior Design 2018-2019"/>
        <comment number="3" value="Isaac Jones"/>
        <comment number="4" value=""/>
      </title_block>
    </sheet>
  </design>
  <components>
    <comp ref="J101">
      <value>Trinamic Bridge</value>
      <footprint>Connector_PinSocket_2.54mm:PinSocket_2x22_P2.54mm_Vertical</footprint>
      <libsource lib="MotorControllerPowerBoard-rescue" part="Trinamic-Bridge-MotorControllerParts_Sam" description=""/>
      <sheetpath names="/" tstamps="/"/>
      <tstamp>5BFEC502</tstamp>
    </comp>
    <comp ref="U103">
      <value>LM5109</value>
      <footprint>Package_SO:SOIC-8_3.9x4.9mm_P1.27mm</footprint>
      <libsource lib="MotorControllerPowerBoard-rescue" part="LM5109-MotorControllerParts_Sam" description=""/>
      <sheetpath names="/" tstamps="/"/>
      <tstamp>5BFFB6B3</tstamp>
    </comp>
    <comp ref="U104">
      <value>LM5109</value>
      <footprint>Package_SO:SOIC-8_3.9x4.9mm_P1.27mm</footprint>
      <libsource lib="MotorControllerPowerBoard-rescue" part="LM5109-MotorControllerParts_Sam" description=""/>
      <sheetpath names="/" tstamps="/"/>
      <tstamp>5BFFBB67</tstamp>
    </comp>
    <comp ref="Q102">
      <value>IRFP3306</value>
      <footprint>Package_TO_SOT_THT:TO-247-3_Vertical</footprint>
      <datasheet>~</datasheet>
      <libsource lib="MotorControllerPowerBoard-rescue" part="IRFP3306-MotorControllerParts_Sam" description=""/>
      <sheetpath names="/" tstamps="/"/>
      <tstamp>5C025B2D</tstamp>
    </comp>
    <comp ref="R122">
      <value>R</value>
      <footprint>Resistor_SMD:R_0805_2012Metric_Pad1.15x1.40mm_HandSolder</footprint>
      <libsource lib="MotorControllerPowerBoard-rescue" part="R-MotorControllerParts_Sam" description=""/>
      <sheetpath names="/" tstamps="/"/>
      <tstamp>5C025B4C</tstamp>
    </comp>
    <comp ref="R123">
      <value>R</value>
      <footprint>Resistor_SMD:R_0805_2012Metric_Pad1.15x1.40mm_HandSolder</footprint>
      <libsource lib="MotorControllerPowerBoard-rescue" part="R-MotorControllerParts_Sam" description=""/>
      <sheetpath names="/" tstamps="/"/>
      <tstamp>5C025B55</tstamp>
    </comp>
    <comp ref="R117">
      <value>R</value>
      <footprint>Resistor_SMD:R_0805_2012Metric_Pad1.15x1.40mm_HandSolder</footprint>
      <libsource lib="MotorControllerPowerBoard-rescue" part="R-MotorControllerParts_Sam" description=""/>
      <sheetpath names="/" tstamps="/"/>
      <tstamp>5C01870B</tstamp>
    </comp>
    <comp ref="C107">
      <value>C</value>
      <footprint>Capacitor_SMD:C_0805_2012Metric_Pad1.15x1.40mm_HandSolder</footprint>
      <libsource lib="MotorControllerPowerBoard-rescue" part="C-MotorControllerParts_Sam" description=""/>
      <sheetpath names="/" tstamps="/"/>
      <tstamp>5C032FF7</tstamp>
    </comp>
    <comp ref="D105">
      <value>SK56A</value>
      <footprint>Diode_SMD:D_SMA_Handsoldering</footprint>
      <datasheet>~</datasheet>
      <libsource lib="MotorControllerPowerBoard-rescue" part="D_Schottky-MotorControllerParts_Sam" description=""/>
      <sheetpath names="/" tstamps="/"/>
      <tstamp>5C041232</tstamp>
    </comp>
    <comp ref="U102">
      <value>LM5109</value>
      <footprint>Package_SO:SOIC-8_3.9x4.9mm_P1.27mm</footprint>
      <libsource lib="MotorControllerPowerBoard-rescue" part="LM5109-MotorControllerParts_Sam" description=""/>
      <sheetpath names="/" tstamps="/"/>
      <tstamp>5BFFB1C7</tstamp>
    </comp>
    <comp ref="R118">
      <value>R</value>
      <footprint>Resistor_SMD:R_0805_2012Metric_Pad1.15x1.40mm_HandSolder</footprint>
      <libsource lib="MotorControllerPowerBoard-rescue" part="R-MotorControllerParts_Sam" description=""/>
      <sheetpath names="/" tstamps="/"/>
      <tstamp>5C06B915</tstamp>
    </comp>
    <comp ref="D106">
      <value>SK56A</value>
      <footprint>Diode_SMD:D_SMA_Handsoldering</footprint>
      <datasheet>~</datasheet>
      <libsource lib="MotorControllerPowerBoard-rescue" part="D_Schottky-MotorControllerParts_Sam" description=""/>
      <sheetpath names="/" tstamps="/"/>
      <tstamp>5C06B91D</tstamp>
    </comp>
    <comp ref="R119">
      <value>R</value>
      <footprint>Resistor_SMD:R_0805_2012Metric_Pad1.15x1.40mm_HandSolder</footprint>
      <libsource lib="MotorControllerPowerBoard-rescue" part="R-MotorControllerParts_Sam" description=""/>
      <sheetpath names="/" tstamps="/"/>
      <tstamp>5C06E298</tstamp>
    </comp>
    <comp ref="D107">
      <value>SK56A</value>
      <footprint>Diode_SMD:D_SMA_Handsoldering</footprint>
      <datasheet>~</datasheet>
      <libsource lib="MotorControllerPowerBoard-rescue" part="D_Schottky-MotorControllerParts_Sam" description=""/>
      <sheetpath names="/" tstamps="/"/>
      <tstamp>5C06E2A0</tstamp>
    </comp>
    <comp ref="C108">
      <value>C</value>
      <footprint>Capacitor_SMD:C_0805_2012Metric_Pad1.15x1.40mm_HandSolder</footprint>
      <libsource lib="MotorControllerPowerBoard-rescue" part="C-MotorControllerParts_Sam" description=""/>
      <sheetpath names="/" tstamps="/"/>
      <tstamp>5C091199</tstamp>
    </comp>
    <comp ref="C109">
      <value>C</value>
      <footprint>Capacitor_SMD:C_0805_2012Metric_Pad1.15x1.40mm_HandSolder</footprint>
      <libsource lib="MotorControllerPowerBoard-rescue" part="C-MotorControllerParts_Sam" description=""/>
      <sheetpath names="/" tstamps="/"/>
      <tstamp>5C094B38</tstamp>
    </comp>
    <comp ref="Q103">
      <value>IRFP3306</value>
      <footprint>Package_TO_SOT_THT:TO-247-3_Vertical</footprint>
      <datasheet>~</datasheet>
      <libsource lib="MotorControllerPowerBoard-rescue" part="IRFP3306-MotorControllerParts_Sam" description=""/>
      <sheetpath names="/" tstamps="/"/>
      <tstamp>5C025B34</tstamp>
    </comp>
    <comp ref="R120">
      <value>R</value>
      <footprint>Resistor_SMD:R_0805_2012Metric_Pad1.15x1.40mm_HandSolder</footprint>
      <libsource lib="MotorControllerPowerBoard-rescue" part="R-MotorControllerParts_Sam" description=""/>
      <sheetpath names="/" tstamps="/"/>
      <tstamp>5C147EAA</tstamp>
    </comp>
    <comp ref="C110">
      <value>C</value>
      <footprint>Capacitor_SMD:C_0805_2012Metric_Pad1.15x1.40mm_HandSolder</footprint>
      <libsource lib="MotorControllerPowerBoard-rescue" part="C-MotorControllerParts_Sam" description=""/>
      <sheetpath names="/" tstamps="/"/>
      <tstamp>5C147EB3</tstamp>
    </comp>
    <comp ref="D108">
      <value>SK56A</value>
      <footprint>Diode_SMD:D_SMA_Handsoldering</footprint>
      <datasheet>~</datasheet>
      <libsource lib="MotorControllerPowerBoard-rescue" part="D_Schottky-MotorControllerParts_Sam" description=""/>
      <sheetpath names="/" tstamps="/"/>
      <tstamp>5C147EC0</tstamp>
    </comp>
    <comp ref="U105">
      <value>LM5109</value>
      <footprint>Package_SO:SOIC-8_3.9x4.9mm_P1.27mm</footprint>
      <libsource lib="MotorControllerPowerBoard-rescue" part="LM5109-MotorControllerParts_Sam" description=""/>
      <sheetpath names="/" tstamps="/"/>
      <tstamp>5C147EC8</tstamp>
    </comp>
    <comp ref="C103">
      <value>C</value>
      <footprint>Capacitor_SMD:C_0805_2012Metric_Pad1.15x1.40mm_HandSolder</footprint>
      <libsource lib="MotorControllerPowerBoard-rescue" part="C-MotorControllerParts_Sam" description=""/>
      <sheetpath names="/" tstamps="/"/>
      <tstamp>5C179E6A</tstamp>
    </comp>
    <comp ref="C104">
      <value>C</value>
      <footprint>Capacitor_SMD:C_0805_2012Metric_Pad1.15x1.40mm_HandSolder</footprint>
      <libsource lib="MotorControllerPowerBoard-rescue" part="C-MotorControllerParts_Sam" description=""/>
      <sheetpath names="/" tstamps="/"/>
      <tstamp>5C179EBE</tstamp>
    </comp>
    <comp ref="C105">
      <value>C</value>
      <footprint>Capacitor_SMD:C_0805_2012Metric_Pad1.15x1.40mm_HandSolder</footprint>
      <libsource lib="MotorControllerPowerBoard-rescue" part="C-MotorControllerParts_Sam" description=""/>
      <sheetpath names="/" tstamps="/"/>
      <tstamp>5C179F0E</tstamp>
    </comp>
    <comp ref="C106">
      <value>C</value>
      <footprint>Capacitor_SMD:C_0805_2012Metric_Pad1.15x1.40mm_HandSolder</footprint>
      <libsource lib="MotorControllerPowerBoard-rescue" part="C-MotorControllerParts_Sam" description=""/>
      <sheetpath names="/" tstamps="/"/>
      <tstamp>5C179F5E</tstamp>
    </comp>
    <comp ref="U101">
      <value>LMR16020</value>
      <footprint>supermileage_footprints:SOIC-8-PowerPAD</footprint>
      <libsource lib="MotorControllerPowerBoard-rescue" part="LMR16020-MotorControllerParts_Sam" description=""/>
      <sheetpath names="/" tstamps="/"/>
      <tstamp>5C2465C0</tstamp>
    </comp>
    <comp ref="R111">
      <value>22k</value>
      <footprint>Resistor_SMD:R_0805_2012Metric_Pad1.15x1.40mm_HandSolder</footprint>
      <libsource lib="MotorControllerPowerBoard-rescue" part="R-MotorControllerParts_Sam" description=""/>
      <sheetpath names="/" tstamps="/"/>
      <tstamp>5C28E8FB</tstamp>
    </comp>
    <comp ref="C101">
      <value>0.1u/&gt;16V</value>
      <footprint>Capacitor_SMD:C_0805_2012Metric_Pad1.15x1.40mm_HandSolder</footprint>
      <libsource lib="MotorControllerPowerBoard-rescue" part="C-MotorControllerParts_Sam" description=""/>
      <sheetpath names="/" tstamps="/"/>
      <tstamp>5C29620F</tstamp>
    </comp>
    <comp ref="L101">
      <value>ETQP3M220KVN</value>
      <footprint>supermileage_footprints:PCC-M0630M-LP</footprint>
      <datasheet>~</datasheet>
      <libsource lib="MotorControllerPowerBoard-rescue" part="L-MotorControllerParts_Sam" description=""/>
      <sheetpath names="/" tstamps="/"/>
      <tstamp>5C2CC75E</tstamp>
    </comp>
    <comp ref="C102">
      <value>C</value>
      <footprint>Capacitor_SMD:C_0805_2012Metric_Pad1.15x1.40mm_HandSolder</footprint>
      <libsource lib="MotorControllerPowerBoard-rescue" part="C-MotorControllerParts_Sam" description=""/>
      <sheetpath names="/" tstamps="/"/>
      <tstamp>5C2CC893</tstamp>
    </comp>
    <comp ref="R114">
      <value>150k</value>
      <footprint>Resistor_SMD:R_0805_2012Metric_Pad1.15x1.40mm_HandSolder</footprint>
      <libsource lib="MotorControllerPowerBoard-rescue" part="R-MotorControllerParts_Sam" description=""/>
      <sheetpath names="/" tstamps="/"/>
      <tstamp>5C33ADA5</tstamp>
    </comp>
    <comp ref="R115">
      <value>10k</value>
      <footprint>Resistor_SMD:R_0805_2012Metric_Pad1.15x1.40mm_HandSolder</footprint>
      <libsource lib="MotorControllerPowerBoard-rescue" part="R-MotorControllerParts_Sam" description=""/>
      <sheetpath names="/" tstamps="/"/>
      <tstamp>5C33AE21</tstamp>
    </comp>
    <comp ref="C111">
      <value>10n</value>
      <footprint>Capacitor_SMD:C_0805_2012Metric_Pad1.15x1.40mm_HandSolder</footprint>
      <libsource lib="MotorControllerPowerBoard-rescue" part="C-MotorControllerParts_Sam" description=""/>
      <sheetpath names="/" tstamps="/"/>
      <tstamp>5C44BCAD</tstamp>
    </comp>
    <comp ref="R121">
      <value>1R</value>
      <footprint>Resistor_SMD:R_0805_2012Metric_Pad1.15x1.40mm_HandSolder</footprint>
      <libsource lib="MotorControllerPowerBoard-rescue" part="R-MotorControllerParts_Sam" description=""/>
      <sheetpath names="/" tstamps="/"/>
      <tstamp>5C4619CE</tstamp>
    </comp>
    <comp ref="U106">
      <value>ACS723xLCTR-20AB</value>
      <footprint>Package_SO:SOIC-8_3.9x4.9mm_P1.27mm</footprint>
      <datasheet>http://www.allegromicro.com/~/media/Files/Datasheets/ACS723-Datasheet.ashx?la=en</datasheet>
      <libsource lib="MotorControllerPowerBoard-rescue" part="ACS723xLCTR-20AB-MotorControllerParts_Sam" description=""/>
      <sheetpath names="/" tstamps="/"/>
      <tstamp>5C65BA81</tstamp>
    </comp>
    <comp ref="JP101">
      <value>Jumper_NC_Small</value>
      <footprint>Jumper:SolderJumper-2_P1.3mm_Bridged2Bar_Pad1.0x1.5mm</footprint>
      <libsource lib="MotorControllerPowerBoard-rescue" part="Jumper_NC_Small-MotorControllerParts_Sam" description=""/>
      <sheetpath names="/" tstamps="/"/>
      <tstamp>5C833D99</tstamp>
    </comp>
    <comp ref="JP102">
      <value>Jumper_NC_Small</value>
      <footprint>Jumper:SolderJumper-2_P1.3mm_Bridged2Bar_Pad1.0x1.5mm</footprint>
      <libsource lib="MotorControllerPowerBoard-rescue" part="Jumper_NC_Small-MotorControllerParts_Sam" description=""/>
      <sheetpath names="/" tstamps="/"/>
      <tstamp>5C85A03A</tstamp>
    </comp>
    <comp ref="U107">
      <value>ACS723xLCTR-20AB</value>
      <footprint>Package_SO:SOIC-8_3.9x4.9mm_P1.27mm</footprint>
      <datasheet>http://www.allegromicro.com/~/media/Files/Datasheets/ACS723-Datasheet.ashx?la=en</datasheet>
      <libsource lib="MotorControllerPowerBoard-rescue" part="ACS723xLCTR-20AB-MotorControllerParts_Sam" description=""/>
      <sheetpath names="/" tstamps="/"/>
      <tstamp>5C8C2574</tstamp>
    </comp>
    <comp ref="U108">
      <value>ACS723xLCTR-20AB</value>
      <footprint>Package_SO:SOIC-8_3.9x4.9mm_P1.27mm</footprint>
      <datasheet>http://www.allegromicro.com/~/media/Files/Datasheets/ACS723-Datasheet.ashx?la=en</datasheet>
      <libsource lib="MotorControllerPowerBoard-rescue" part="ACS723xLCTR-20AB-MotorControllerParts_Sam" description=""/>
      <sheetpath names="/" tstamps="/"/>
      <tstamp>5C94BAF5</tstamp>
    </comp>
    <comp ref="R103">
      <value>10k</value>
      <footprint>Resistor_SMD:R_0805_2012Metric_Pad1.15x1.40mm_HandSolder</footprint>
      <libsource lib="MotorControllerPowerBoard-rescue" part="R_Small-MotorControllerParts_Sam" description=""/>
      <sheetpath names="/" tstamps="/"/>
      <tstamp>5CBFEB53</tstamp>
    </comp>
    <comp ref="R104">
      <value>10k</value>
      <footprint>Resistor_SMD:R_0805_2012Metric_Pad1.15x1.40mm_HandSolder</footprint>
      <libsource lib="MotorControllerPowerBoard-rescue" part="R_Small-MotorControllerParts_Sam" description=""/>
      <sheetpath names="/" tstamps="/"/>
      <tstamp>5CC2C572</tstamp>
    </comp>
    <comp ref="R105">
      <value>10k</value>
      <footprint>Resistor_SMD:R_0805_2012Metric_Pad1.15x1.40mm_HandSolder</footprint>
      <libsource lib="MotorControllerPowerBoard-rescue" part="R_Small-MotorControllerParts_Sam" description=""/>
      <sheetpath names="/" tstamps="/"/>
      <tstamp>5CC3BF20</tstamp>
    </comp>
    <comp ref="R106">
      <value>10k</value>
      <footprint>Resistor_SMD:R_0805_2012Metric_Pad1.15x1.40mm_HandSolder</footprint>
      <libsource lib="MotorControllerPowerBoard-rescue" part="R_Small-MotorControllerParts_Sam" description=""/>
      <sheetpath names="/" tstamps="/"/>
      <tstamp>5CC3BF31</tstamp>
    </comp>
    <comp ref="R107">
      <value>10k</value>
      <footprint>Resistor_SMD:R_0805_2012Metric_Pad1.15x1.40mm_HandSolder</footprint>
      <libsource lib="MotorControllerPowerBoard-rescue" part="R_Small-MotorControllerParts_Sam" description=""/>
      <sheetpath names="/" tstamps="/"/>
      <tstamp>5CC4C762</tstamp>
    </comp>
    <comp ref="R108">
      <value>10k</value>
      <footprint>Resistor_SMD:R_0805_2012Metric_Pad1.15x1.40mm_HandSolder</footprint>
      <libsource lib="MotorControllerPowerBoard-rescue" part="R_Small-MotorControllerParts_Sam" description=""/>
      <sheetpath names="/" tstamps="/"/>
      <tstamp>5CC4C773</tstamp>
    </comp>
    <comp ref="R109">
      <value>10k</value>
      <footprint>Resistor_SMD:R_0805_2012Metric_Pad1.15x1.40mm_HandSolder</footprint>
      <libsource lib="MotorControllerPowerBoard-rescue" part="R_Small-MotorControllerParts_Sam" description=""/>
      <sheetpath names="/" tstamps="/"/>
      <tstamp>5CC4C784</tstamp>
    </comp>
    <comp ref="R110">
      <value>10k</value>
      <footprint>Resistor_SMD:R_0805_2012Metric_Pad1.15x1.40mm_HandSolder</footprint>
      <libsource lib="MotorControllerPowerBoard-rescue" part="R_Small-MotorControllerParts_Sam" description=""/>
      <sheetpath names="/" tstamps="/"/>
      <tstamp>5CC4C795</tstamp>
    </comp>
    <comp ref="TP102">
      <value>I_SUM</value>
      <footprint>TestPoint:TestPoint_2Pads_Pitch2.54mm_Drill0.8mm</footprint>
      <datasheet>~</datasheet>
      <libsource lib="MotorControllerPowerBoard-rescue" part="TestPoint_2Pole-MotorControllerParts_Sam" description=""/>
      <sheetpath names="/" tstamps="/"/>
      <tstamp>5CD1D3D4</tstamp>
    </comp>
    <comp ref="TP104">
      <value>I_PH1</value>
      <footprint>TestPoint:TestPoint_2Pads_Pitch2.54mm_Drill0.8mm</footprint>
      <datasheet>~</datasheet>
      <libsource lib="MotorControllerPowerBoard-rescue" part="TestPoint_2Pole-MotorControllerParts_Sam" description=""/>
      <sheetpath names="/" tstamps="/"/>
      <tstamp>5CDD7747</tstamp>
    </comp>
    <comp ref="TP107">
      <value>I_PH2</value>
      <footprint>TestPoint:TestPoint_2Pads_Pitch2.54mm_Drill0.8mm</footprint>
      <datasheet>~</datasheet>
      <libsource lib="MotorControllerPowerBoard-rescue" part="TestPoint_2Pole-MotorControllerParts_Sam" description=""/>
      <sheetpath names="/" tstamps="/"/>
      <tstamp>5CE4B86D</tstamp>
    </comp>
    <comp ref="TP110">
      <value>V_BUCK</value>
      <footprint>TestPoint:TestPoint_2Pads_Pitch2.54mm_Drill0.8mm</footprint>
      <datasheet>~</datasheet>
      <libsource lib="MotorControllerPowerBoard-rescue" part="TestPoint_2Pole-MotorControllerParts_Sam" description=""/>
      <sheetpath names="/" tstamps="/"/>
      <tstamp>5CE9B641</tstamp>
    </comp>
    <comp ref="TP113">
      <value>BRAKE</value>
      <footprint>TestPoint:TestPoint_2Pads_Pitch2.54mm_Drill0.8mm</footprint>
      <datasheet>~</datasheet>
      <libsource lib="MotorControllerPowerBoard-rescue" part="TestPoint_2Pole-MotorControllerParts_Sam" description=""/>
      <sheetpath names="/" tstamps="/"/>
      <tstamp>5CED8A95</tstamp>
    </comp>
    <comp ref="R101">
      <value>10k</value>
      <footprint>Resistor_SMD:R_0805_2012Metric_Pad1.15x1.40mm_HandSolder</footprint>
      <libsource lib="MotorControllerPowerBoard-rescue" part="R_Small-MotorControllerParts_Sam" description=""/>
      <sheetpath names="/" tstamps="/"/>
      <tstamp>5CF182A8</tstamp>
    </comp>
    <comp ref="R102">
      <value>10k</value>
      <footprint>Resistor_SMD:R_0805_2012Metric_Pad1.15x1.40mm_HandSolder</footprint>
      <libsource lib="MotorControllerPowerBoard-rescue" part="R_Small-MotorControllerParts_Sam" description=""/>
      <sheetpath names="/" tstamps="/"/>
      <tstamp>5CF819DB</tstamp>
    </comp>
    <comp ref="TP101">
      <value>LS1</value>
      <footprint>TestPoint:TestPoint_2Pads_Pitch2.54mm_Drill0.8mm</footprint>
      <datasheet>~</datasheet>
      <libsource lib="MotorControllerPowerBoard-rescue" part="TestPoint_2Pole-MotorControllerParts_Sam" description=""/>
      <sheetpath names="/" tstamps="/"/>
      <tstamp>5C132B50</tstamp>
    </comp>
    <comp ref="TP103">
      <value>LS2</value>
      <footprint>TestPoint:TestPoint_2Pads_Pitch2.54mm_Drill0.8mm</footprint>
      <datasheet>~</datasheet>
      <libsource lib="MotorControllerPowerBoard-rescue" part="TestPoint_2Pole-MotorControllerParts_Sam" description=""/>
      <sheetpath names="/" tstamps="/"/>
      <tstamp>5C132B64</tstamp>
    </comp>
    <comp ref="TP105">
      <value>LS3</value>
      <footprint>TestPoint:TestPoint_2Pads_Pitch2.54mm_Drill0.8mm</footprint>
      <datasheet>~</datasheet>
      <libsource lib="MotorControllerPowerBoard-rescue" part="TestPoint_2Pole-MotorControllerParts_Sam" description=""/>
      <sheetpath names="/" tstamps="/"/>
      <tstamp>5C132B75</tstamp>
    </comp>
    <comp ref="TP106">
      <value>LS4</value>
      <footprint>TestPoint:TestPoint_2Pads_Pitch2.54mm_Drill0.8mm</footprint>
      <datasheet>~</datasheet>
      <libsource lib="MotorControllerPowerBoard-rescue" part="TestPoint_2Pole-MotorControllerParts_Sam" description=""/>
      <sheetpath names="/" tstamps="/"/>
      <tstamp>5C132B86</tstamp>
    </comp>
    <comp ref="TP111">
      <value>HS2</value>
      <footprint>TestPoint:TestPoint_2Pads_Pitch2.54mm_Drill0.8mm</footprint>
      <datasheet>~</datasheet>
      <libsource lib="MotorControllerPowerBoard-rescue" part="TestPoint_2Pole-MotorControllerParts_Sam" description=""/>
      <sheetpath names="/" tstamps="/"/>
      <tstamp>5C268E38</tstamp>
    </comp>
    <comp ref="TP114">
      <value>HS4</value>
      <footprint>TestPoint:TestPoint_2Pads_Pitch2.54mm_Drill0.8mm</footprint>
      <datasheet>~</datasheet>
      <libsource lib="MotorControllerPowerBoard-rescue" part="TestPoint_2Pole-MotorControllerParts_Sam" description=""/>
      <sheetpath names="/" tstamps="/"/>
      <tstamp>5C268E5A</tstamp>
    </comp>
    <comp ref="J106">
      <value>P4L</value>
      <footprint>Connector_PinHeader_2.54mm:PinHeader_1x03_P2.54mm_Vertical</footprint>
      <datasheet>~</datasheet>
      <libsource lib="MotorControllerPowerBoard-rescue" part="Conn_01x03-MotorControllerParts_Sam" description=""/>
      <sheetpath names="/" tstamps="/"/>
      <tstamp>5C2A6AA4</tstamp>
    </comp>
    <comp ref="J105">
      <value>P4H</value>
      <footprint>Connector_PinHeader_2.54mm:PinHeader_1x03_P2.54mm_Vertical</footprint>
      <datasheet>~</datasheet>
      <libsource lib="MotorControllerPowerBoard-rescue" part="Conn_01x03-MotorControllerParts_Sam" description=""/>
      <sheetpath names="/" tstamps="/"/>
      <tstamp>5C2FBD7B</tstamp>
    </comp>
    <comp ref="R116">
      <value>10k</value>
      <footprint>Resistor_SMD:R_0805_2012Metric_Pad1.15x1.40mm_HandSolder</footprint>
      <libsource lib="MotorControllerPowerBoard-rescue" part="R_Small-MotorControllerParts_Sam" description=""/>
      <sheetpath names="/" tstamps="/"/>
      <tstamp>5C415A3D</tstamp>
    </comp>
    <comp ref="J110">
      <value>BW_SEL</value>
      <footprint>Connector_PinHeader_2.54mm:PinHeader_1x03_P2.54mm_Vertical</footprint>
      <datasheet>~</datasheet>
      <libsource lib="MotorControllerPowerBoard-rescue" part="Conn_01x03-MotorControllerParts_Sam" description=""/>
      <sheetpath names="/" tstamps="/"/>
      <tstamp>5C6C376D</tstamp>
    </comp>
    <comp ref="J104">
      <value>P3L</value>
      <footprint>Connector_PinHeader_2.54mm:PinHeader_1x03_P2.54mm_Vertical</footprint>
      <datasheet>~</datasheet>
      <libsource lib="MotorControllerPowerBoard-rescue" part="Conn_01x03-MotorControllerParts_Sam" description=""/>
      <sheetpath names="/" tstamps="/"/>
      <tstamp>5CFF5C8A</tstamp>
    </comp>
    <comp ref="J103">
      <value>P3H</value>
      <footprint>Connector_PinHeader_2.54mm:PinHeader_1x03_P2.54mm_Vertical</footprint>
      <datasheet>~</datasheet>
      <libsource lib="MotorControllerPowerBoard-rescue" part="Conn_01x03-MotorControllerParts_Sam" description=""/>
      <sheetpath names="/" tstamps="/"/>
      <tstamp>5CFF5C97</tstamp>
    </comp>
    <comp ref="J109">
      <value>I_Sel</value>
      <footprint>Connector_PinHeader_2.54mm:PinHeader_1x03_P2.54mm_Vertical</footprint>
      <datasheet>~</datasheet>
      <libsource lib="MotorControllerPowerBoard-rescue" part="Conn_01x03-MotorControllerParts_Sam" description=""/>
      <sheetpath names="/" tstamps="/"/>
      <tstamp>5D498FE5</tstamp>
    </comp>
    <comp ref="R113">
      <value>1k5</value>
      <footprint>Resistor_SMD:R_0805_2012Metric_Pad1.15x1.40mm_HandSolder</footprint>
      <libsource lib="MotorControllerPowerBoard-rescue" part="R_Small-MotorControllerParts_Sam" description=""/>
      <sheetpath names="/" tstamps="/"/>
      <tstamp>5D9C3A32</tstamp>
    </comp>
    <comp ref="D102">
      <value>LED_GRN</value>
      <footprint>LED_SMD:LED_0603_1608Metric_Pad1.05x0.95mm_HandSolder</footprint>
      <libsource lib="MotorControllerPowerBoard-rescue" part="LED_ALT-MotorControllerParts_Sam" description=""/>
      <sheetpath names="/" tstamps="/"/>
      <tstamp>5DA255B3</tstamp>
    </comp>
    <comp ref="D101">
      <value>LED_RED</value>
      <footprint>LED_SMD:LED_0603_1608Metric_Pad1.05x0.95mm_HandSolder</footprint>
      <libsource lib="MotorControllerPowerBoard-rescue" part="LED_ALT-MotorControllerParts_Sam" description=""/>
      <sheetpath names="/" tstamps="/"/>
      <tstamp>5DF0058C</tstamp>
    </comp>
    <comp ref="J102">
      <value>Battery</value>
      <footprint>supermileage_footprints:Molex_Mini-Fit_Sr_42820-22XX_1x02_P10.00mm_Horizontal_ThermalVias</footprint>
      <datasheet>~</datasheet>
      <libsource lib="MotorControllerPowerBoard-rescue" part="Power_01x02-MotorControllerParts_Sam_0" description=""/>
      <sheetpath names="/" tstamps="/"/>
      <tstamp>5E00E9DE</tstamp>
    </comp>
    <comp ref="J108">
      <value>Brake</value>
      <footprint>supermileage_footprints:Molex_Mini-Fit_Sr_42820-22XX_1x02_P10.00mm_Horizontal_ThermalVias</footprint>
      <datasheet>~</datasheet>
      <libsource lib="MotorControllerPowerBoard-rescue" part="Power_01x02-MotorControllerParts_Sam_0" description=""/>
      <sheetpath names="/" tstamps="/"/>
      <tstamp>5E32CA2F</tstamp>
    </comp>
    <comp ref="J107">
      <value>Motor_BLDC</value>
      <footprint>supermileage_footprints:Molex_Mini-Fit_Sr_42820-32XX_1x03_P10.00mm_Horizontal_ThermalVias</footprint>
      <libsource lib="MotorControllerPowerBoard-rescue" part="Power_01x03-MotorControllerParts_Sam" description=""/>
      <sheetpath names="/" tstamps="/"/>
      <tstamp>5E3B7B74</tstamp>
    </comp>
    <comp ref="F101">
      <value>Fuse/Bypass</value>
      <footprint>supermileage_footprints:Keystone_Blade_Fuseholder_3557-2</footprint>
      <datasheet>~</datasheet>
      <libsource lib="MotorControllerPowerBoard-rescue" part="Fuse-Device" description=""/>
      <sheetpath names="/" tstamps="/"/>
      <tstamp>5E5E1292</tstamp>
    </comp>
    <comp ref="D110">
      <value>SK56A</value>
      <footprint>Diode_SMD:D_SMA_Handsoldering</footprint>
      <datasheet>~</datasheet>
      <libsource lib="MotorControllerPowerBoard-rescue" part="D_Schottky_ALT-MotorControllerParts_Sam" description=""/>
      <sheetpath names="/" tstamps="/"/>
      <tstamp>5E83E6AF</tstamp>
    </comp>
    <comp ref="D111">
      <value>SK56A</value>
      <footprint>Diode_SMD:D_SMA_Handsoldering</footprint>
      <datasheet>~</datasheet>
      <libsource lib="MotorControllerPowerBoard-rescue" part="D_Schottky_ALT-MotorControllerParts_Sam" description=""/>
      <sheetpath names="/" tstamps="/"/>
      <tstamp>5E83EA15</tstamp>
    </comp>
    <comp ref="D103">
      <value>SK56A</value>
      <footprint>Diode_SMD:D_SMA_Handsoldering</footprint>
      <datasheet>~</datasheet>
      <libsource lib="MotorControllerPowerBoard-rescue" part="D_Schottky_ALT-MotorControllerParts_Sam" description=""/>
      <sheetpath names="/" tstamps="/"/>
      <tstamp>5E83F9A0</tstamp>
    </comp>
    <comp ref="Q101">
      <value>SUP90P06-09L</value>
      <footprint>Package_TO_SOT_THT:TO-220-3_Vertical</footprint>
      <datasheet>~</datasheet>
      <libsource lib="MotorControllerPowerBoard-rescue" part="SUP90P06-09L-MotorControllerParts_Sam" description=""/>
      <sheetpath names="/" tstamps="/"/>
      <tstamp>5E88A371</tstamp>
    </comp>
    <comp ref="R112">
      <value>10k</value>
      <footprint>Resistor_SMD:R_0805_2012Metric_Pad1.15x1.40mm_HandSolder</footprint>
      <libsource lib="MotorControllerPowerBoard-rescue" part="R-MotorControllerParts_Sam" description=""/>
      <sheetpath names="/" tstamps="/"/>
      <tstamp>5E962D59</tstamp>
    </comp>
    <comp ref="Q104">
      <value>IRFP3306</value>
      <footprint>Package_TO_SOT_THT:TO-247-3_Vertical</footprint>
      <datasheet>~</datasheet>
      <libsource lib="MotorControllerPowerBoard-rescue" part="IRFP3306-MotorControllerParts_Sam" description=""/>
      <sheetpath names="/" tstamps="/"/>
      <tstamp>5EB030FE</tstamp>
    </comp>
    <comp ref="R127">
      <value>R</value>
      <footprint>Resistor_SMD:R_0805_2012Metric_Pad1.15x1.40mm_HandSolder</footprint>
      <libsource lib="MotorControllerPowerBoard-rescue" part="R-MotorControllerParts_Sam" description=""/>
      <sheetpath names="/" tstamps="/"/>
      <tstamp>5EB0310C</tstamp>
    </comp>
    <comp ref="R130">
      <value>R</value>
      <footprint>Resistor_SMD:R_0805_2012Metric_Pad1.15x1.40mm_HandSolder</footprint>
      <libsource lib="MotorControllerPowerBoard-rescue" part="R-MotorControllerParts_Sam" description=""/>
      <sheetpath names="/" tstamps="/"/>
      <tstamp>5EB03115</tstamp>
    </comp>
    <comp ref="Q105">
      <value>IRFP3306</value>
      <footprint>Package_TO_SOT_THT:TO-247-3_Vertical</footprint>
      <datasheet>~</datasheet>
      <libsource lib="MotorControllerPowerBoard-rescue" part="IRFP3306-MotorControllerParts_Sam" description=""/>
      <sheetpath names="/" tstamps="/"/>
      <tstamp>5EB03126</tstamp>
    </comp>
    <comp ref="C112">
      <value>10n</value>
      <footprint>Capacitor_SMD:C_0805_2012Metric_Pad1.15x1.40mm_HandSolder</footprint>
      <libsource lib="MotorControllerPowerBoard-rescue" part="C-MotorControllerParts_Sam" description=""/>
      <sheetpath names="/" tstamps="/"/>
      <tstamp>5EB0313B</tstamp>
    </comp>
    <comp ref="R124">
      <value>1R</value>
      <footprint>Resistor_SMD:R_0805_2012Metric_Pad1.15x1.40mm_HandSolder</footprint>
      <libsource lib="MotorControllerPowerBoard-rescue" part="R-MotorControllerParts_Sam" description=""/>
      <sheetpath names="/" tstamps="/"/>
      <tstamp>5EB03144</tstamp>
    </comp>
    <comp ref="D115">
      <value>SK56A</value>
      <footprint>Diode_SMD:D_SMA_Handsoldering</footprint>
      <datasheet>~</datasheet>
      <libsource lib="MotorControllerPowerBoard-rescue" part="D_Schottky_ALT-MotorControllerParts_Sam" description=""/>
      <sheetpath names="/" tstamps="/"/>
      <tstamp>5EB03169</tstamp>
    </comp>
    <comp ref="D116">
      <value>SK56A</value>
      <footprint>Diode_SMD:D_SMA_Handsoldering</footprint>
      <datasheet>~</datasheet>
      <libsource lib="MotorControllerPowerBoard-rescue" part="D_Schottky_ALT-MotorControllerParts_Sam" description=""/>
      <sheetpath names="/" tstamps="/"/>
      <tstamp>5EB03170</tstamp>
    </comp>
    <comp ref="Q106">
      <value>IRFP3306</value>
      <footprint>Package_TO_SOT_THT:TO-247-3_Vertical</footprint>
      <datasheet>~</datasheet>
      <libsource lib="MotorControllerPowerBoard-rescue" part="IRFP3306-MotorControllerParts_Sam" description=""/>
      <sheetpath names="/" tstamps="/"/>
      <tstamp>5ECA637A</tstamp>
    </comp>
    <comp ref="R128">
      <value>R</value>
      <footprint>Resistor_SMD:R_0805_2012Metric_Pad1.15x1.40mm_HandSolder</footprint>
      <libsource lib="MotorControllerPowerBoard-rescue" part="R-MotorControllerParts_Sam" description=""/>
      <sheetpath names="/" tstamps="/"/>
      <tstamp>5ECA6388</tstamp>
    </comp>
    <comp ref="R131">
      <value>R</value>
      <footprint>Resistor_SMD:R_0805_2012Metric_Pad1.15x1.40mm_HandSolder</footprint>
      <libsource lib="MotorControllerPowerBoard-rescue" part="R-MotorControllerParts_Sam" description=""/>
      <sheetpath names="/" tstamps="/"/>
      <tstamp>5ECA6391</tstamp>
    </comp>
    <comp ref="Q107">
      <value>IRFP3306</value>
      <footprint>Package_TO_SOT_THT:TO-247-3_Vertical</footprint>
      <datasheet>~</datasheet>
      <libsource lib="MotorControllerPowerBoard-rescue" part="IRFP3306-MotorControllerParts_Sam" description=""/>
      <sheetpath names="/" tstamps="/"/>
      <tstamp>5ECA63A1</tstamp>
    </comp>
    <comp ref="C113">
      <value>10n</value>
      <footprint>Capacitor_SMD:C_0805_2012Metric_Pad1.15x1.40mm_HandSolder</footprint>
      <libsource lib="MotorControllerPowerBoard-rescue" part="C-MotorControllerParts_Sam" description=""/>
      <sheetpath names="/" tstamps="/"/>
      <tstamp>5ECA63B6</tstamp>
    </comp>
    <comp ref="R125">
      <value>1R</value>
      <footprint>Resistor_SMD:R_0805_2012Metric_Pad1.15x1.40mm_HandSolder</footprint>
      <libsource lib="MotorControllerPowerBoard-rescue" part="R-MotorControllerParts_Sam" description=""/>
      <sheetpath names="/" tstamps="/"/>
      <tstamp>5ECA63BE</tstamp>
    </comp>
    <comp ref="D117">
      <value>SK56A</value>
      <footprint>Diode_SMD:D_SMA_Handsoldering</footprint>
      <datasheet>~</datasheet>
      <libsource lib="MotorControllerPowerBoard-rescue" part="D_Schottky_ALT-MotorControllerParts_Sam" description=""/>
      <sheetpath names="/" tstamps="/"/>
      <tstamp>5ECA63DE</tstamp>
    </comp>
    <comp ref="D118">
      <value>SK56A</value>
      <footprint>Diode_SMD:D_SMA_Handsoldering</footprint>
      <datasheet>~</datasheet>
      <libsource lib="MotorControllerPowerBoard-rescue" part="D_Schottky_ALT-MotorControllerParts_Sam" description=""/>
      <sheetpath names="/" tstamps="/"/>
      <tstamp>5ECA63E5</tstamp>
    </comp>
    <comp ref="Q108">
      <value>IRFP3306</value>
      <footprint>Package_TO_SOT_THT:TO-247-3_Vertical</footprint>
      <datasheet>~</datasheet>
      <libsource lib="MotorControllerPowerBoard-rescue" part="IRFP3306-MotorControllerParts_Sam" description=""/>
      <sheetpath names="/" tstamps="/"/>
      <tstamp>5ECD6324</tstamp>
    </comp>
    <comp ref="R129">
      <value>R</value>
      <footprint>Resistor_SMD:R_0805_2012Metric_Pad1.15x1.40mm_HandSolder</footprint>
      <libsource lib="MotorControllerPowerBoard-rescue" part="R-MotorControllerParts_Sam" description=""/>
      <sheetpath names="/" tstamps="/"/>
      <tstamp>5ECD6332</tstamp>
    </comp>
    <comp ref="R132">
      <value>R</value>
      <footprint>Resistor_SMD:R_0805_2012Metric_Pad1.15x1.40mm_HandSolder</footprint>
      <libsource lib="MotorControllerPowerBoard-rescue" part="R-MotorControllerParts_Sam" description=""/>
      <sheetpath names="/" tstamps="/"/>
      <tstamp>5ECD633B</tstamp>
    </comp>
    <comp ref="Q109">
      <value>IRFP3306</value>
      <footprint>Package_TO_SOT_THT:TO-247-3_Vertical</footprint>
      <datasheet>~</datasheet>
      <libsource lib="MotorControllerPowerBoard-rescue" part="IRFP3306-MotorControllerParts_Sam" description=""/>
      <sheetpath names="/" tstamps="/"/>
      <tstamp>5ECD634B</tstamp>
    </comp>
    <comp ref="C114">
      <value>10n</value>
      <footprint>Capacitor_SMD:C_0805_2012Metric_Pad1.15x1.40mm_HandSolder</footprint>
      <libsource lib="MotorControllerPowerBoard-rescue" part="C-MotorControllerParts_Sam" description=""/>
      <sheetpath names="/" tstamps="/"/>
      <tstamp>5ECD6360</tstamp>
    </comp>
    <comp ref="R126">
      <value>1R</value>
      <footprint>Resistor_SMD:R_0805_2012Metric_Pad1.15x1.40mm_HandSolder</footprint>
      <libsource lib="MotorControllerPowerBoard-rescue" part="R-MotorControllerParts_Sam" description=""/>
      <sheetpath names="/" tstamps="/"/>
      <tstamp>5ECD6368</tstamp>
    </comp>
    <comp ref="D119">
      <value>SK56A</value>
      <footprint>Diode_SMD:D_SMA_Handsoldering</footprint>
      <datasheet>~</datasheet>
      <libsource lib="MotorControllerPowerBoard-rescue" part="D_Schottky_ALT-MotorControllerParts_Sam" description=""/>
      <sheetpath names="/" tstamps="/"/>
      <tstamp>5ECD6388</tstamp>
    </comp>
    <comp ref="D120">
      <value>SK56A</value>
      <footprint>Diode_SMD:D_SMA_Handsoldering</footprint>
      <datasheet>~</datasheet>
      <libsource lib="MotorControllerPowerBoard-rescue" part="D_Schottky_ALT-MotorControllerParts_Sam" description=""/>
      <sheetpath names="/" tstamps="/"/>
      <tstamp>5ECD638F</tstamp>
    </comp>
    <comp ref="D104">
      <value>Zener_15V</value>
      <footprint>Diode_SMD:D_SOD-123F</footprint>
      <datasheet>~</datasheet>
      <libsource lib="MotorControllerPowerBoard-rescue" part="D_Zener_ALT-MotorControllerParts_Sam" description=""/>
      <sheetpath names="/" tstamps="/"/>
      <tstamp>5EFC4D55</tstamp>
    </comp>
    <comp ref="D112">
      <value>Zener_15V</value>
      <footprint>Diode_SMD:D_SOD-123F</footprint>
      <datasheet>~</datasheet>
      <libsource lib="MotorControllerPowerBoard-rescue" part="D_Zener_Small_ALT-MotorControllerParts_Sam" description=""/>
      <sheetpath names="/" tstamps="/"/>
      <tstamp>5F0007D1</tstamp>
    </comp>
    <comp ref="D113">
      <value>Zener_15V</value>
      <footprint>Diode_SMD:D_SOD-123F</footprint>
      <datasheet>~</datasheet>
      <libsource lib="MotorControllerPowerBoard-rescue" part="D_Zener_Small_ALT-MotorControllerParts_Sam" description=""/>
      <sheetpath names="/" tstamps="/"/>
      <tstamp>5F06D016</tstamp>
    </comp>
    <comp ref="D114">
      <value>Zener_15V</value>
      <footprint>Diode_SMD:D_SOD-123F</footprint>
      <datasheet>~</datasheet>
      <libsource lib="MotorControllerPowerBoard-rescue" part="D_Zener_Small_ALT-MotorControllerParts_Sam" description=""/>
      <sheetpath names="/" tstamps="/"/>
      <tstamp>5F0D7A9B</tstamp>
    </comp>
    <comp ref="D109">
      <value>Zener_15V</value>
      <footprint>Diode_SMD:D_SOD-123F</footprint>
      <datasheet>~</datasheet>
      <libsource lib="MotorControllerPowerBoard-rescue" part="D_Zener_Small_ALT-MotorControllerParts_Sam" description=""/>
      <sheetpath names="/" tstamps="/"/>
      <tstamp>5F10D1FD</tstamp>
    </comp>
    <comp ref="C119">
      <value>C</value>
      <footprint>Capacitor_SMD:C_0805_2012Metric_Pad1.15x1.40mm_HandSolder</footprint>
      <libsource lib="MotorControllerPowerBoard-rescue" part="C-MotorControllerParts_Sam" description=""/>
      <sheetpath names="/" tstamps="/"/>
      <tstamp>5C53F761</tstamp>
    </comp>
    <comp ref="HS102">
      <value>CR401</value>
      <footprint>supermileage_footprints:Heatsink_CR401x50</footprint>
      <libsource lib="MotorControllerPowerBoard-rescue" part="TestPoint-MotorControllerParts_Sam" description=""/>
      <sheetpath names="/" tstamps="/"/>
      <tstamp>5C320650</tstamp>
    </comp>
    <comp ref="HS101">
      <value>CR401</value>
      <footprint>supermileage_footprints:Heatsink_CR401x50</footprint>
      <libsource lib="MotorControllerPowerBoard-rescue" part="TestPoint-MotorControllerParts_Sam" description=""/>
      <sheetpath names="/" tstamps="/"/>
      <tstamp>5C514CE5</tstamp>
    </comp>
    <comp ref="C115">
      <value>C</value>
      <footprint>Capacitor_SMD:C_0805_2012Metric_Pad1.15x1.40mm_HandSolder</footprint>
      <libsource lib="MotorControllerPowerBoard-rescue" part="C-MotorControllerParts_Sam" description=""/>
      <sheetpath names="/" tstamps="/"/>
      <tstamp>5C9F72D6</tstamp>
    </comp>
    <comp ref="C116">
      <value>C</value>
      <footprint>Capacitor_SMD:C_0805_2012Metric_Pad1.15x1.40mm_HandSolder</footprint>
      <libsource lib="MotorControllerPowerBoard-rescue" part="C-MotorControllerParts_Sam" description=""/>
      <sheetpath names="/" tstamps="/"/>
      <tstamp>5CA70139</tstamp>
    </comp>
    <comp ref="C117">
      <value>C</value>
      <footprint>Capacitor_SMD:C_0805_2012Metric_Pad1.15x1.40mm_HandSolder</footprint>
      <libsource lib="MotorControllerPowerBoard-rescue" part="C-MotorControllerParts_Sam" description=""/>
      <sheetpath names="/" tstamps="/"/>
      <tstamp>5CA70140</tstamp>
    </comp>
    <comp ref="C118">
      <value>C</value>
      <footprint>Capacitor_SMD:C_0805_2012Metric_Pad1.15x1.40mm_HandSolder</footprint>
      <libsource lib="MotorControllerPowerBoard-rescue" part="C-MotorControllerParts_Sam" description=""/>
      <sheetpath names="/" tstamps="/"/>
      <tstamp>5CA70147</tstamp>
    </comp>
    <comp ref="C121">
      <value>C</value>
      <footprint>Capacitor_THT:C_Disc_D7.5mm_W5.0mm_P7.50mm</footprint>
      <libsource lib="MotorControllerPowerBoard-rescue" part="C-MotorControllerParts_Sam" description=""/>
      <sheetpath names="/" tstamps="/"/>
      <tstamp>5C30891C</tstamp>
    </comp>
    <comp ref="C122">
      <value>C</value>
      <footprint>Capacitor_THT:C_Disc_D7.5mm_W5.0mm_P7.50mm</footprint>
      <libsource lib="MotorControllerPowerBoard-rescue" part="C-MotorControllerParts_Sam" description=""/>
      <sheetpath names="/" tstamps="/"/>
      <tstamp>5C44D602</tstamp>
    </comp>
    <comp ref="C123">
      <value>C</value>
      <footprint>Capacitor_THT:C_Disc_D14.5mm_W5.0mm_P10.00mm</footprint>
      <libsource lib="MotorControllerPowerBoard-rescue" part="C-MotorControllerParts_Sam" description=""/>
      <sheetpath names="/" tstamps="/"/>
      <tstamp>5C5563E3</tstamp>
    </comp>
    <comp ref="C120">
      <value>CP1</value>
      <footprint>Capacitor_THT:CP_Radial_D8.0mm_P3.50mm</footprint>
      <datasheet>~</datasheet>
      <libsource lib="Device" part="CP1" description="Polarised capacitor"/>
      <sheetpath names="/" tstamps="/"/>
      <tstamp>5C621247</tstamp>
    </comp>
    <comp ref="C124">
      <value>C</value>
      <footprint>Capacitor_SMD:C_0805_2012Metric_Pad1.15x1.40mm_HandSolder</footprint>
      <libsource lib="MotorControllerPowerBoard-rescue" part="C-MotorControllerParts_Sam" description=""/>
      <sheetpath names="/" tstamps="/"/>
      <tstamp>5C7712AB</tstamp>
    </comp>
    <comp ref="C125">
      <value>C</value>
      <footprint>Capacitor_SMD:C_0805_2012Metric_Pad1.15x1.40mm_HandSolder</footprint>
      <libsource lib="MotorControllerPowerBoard-rescue" part="C-MotorControllerParts_Sam" description=""/>
      <sheetpath names="/" tstamps="/"/>
      <tstamp>5C421B13</tstamp>
    </comp>
    <comp ref="C126">
      <value>C</value>
      <footprint>Capacitor_SMD:C_0805_2012Metric_Pad1.15x1.40mm_HandSolder</footprint>
      <libsource lib="MotorControllerPowerBoard-rescue" part="C-MotorControllerParts_Sam" description=""/>
      <sheetpath names="/" tstamps="/"/>
      <tstamp>5C3608D0</tstamp>
    </comp>
    <comp ref="C127">
      <value>C</value>
      <footprint>Capacitor_SMD:C_0805_2012Metric_Pad1.15x1.40mm_HandSolder</footprint>
      <libsource lib="MotorControllerPowerBoard-rescue" part="C-MotorControllerParts_Sam" description=""/>
      <sheetpath names="/" tstamps="/"/>
      <tstamp>5C38B300</tstamp>
    </comp>
    <comp ref="C128">
      <value>C</value>
      <footprint>Capacitor_SMD:C_0805_2012Metric_Pad1.15x1.40mm_HandSolder</footprint>
      <libsource lib="MotorControllerPowerBoard-rescue" part="C-MotorControllerParts_Sam" description=""/>
      <sheetpath names="/" tstamps="/"/>
      <tstamp>5C36E1C5</tstamp>
    </comp>
    <comp ref="C129">
      <value>4u7</value>
      <footprint>Capacitor_SMD:C_1210_3225Metric_Pad1.42x2.65mm_HandSolder</footprint>
      <libsource lib="MotorControllerPowerBoard-rescue" part="C-MotorControllerParts_Sam" description=""/>
      <sheetpath names="/" tstamps="/"/>
      <tstamp>5C50401B</tstamp>
    </comp>
    <comp ref="C130">
      <value>4u7</value>
      <footprint>Capacitor_SMD:C_1210_3225Metric_Pad1.42x2.65mm_HandSolder</footprint>
      <libsource lib="MotorControllerPowerBoard-rescue" part="C-MotorControllerParts_Sam" description=""/>
      <sheetpath names="/" tstamps="/"/>
      <tstamp>5C54E857</tstamp>
    </comp>
    <comp ref="C131">
      <value>4u7</value>
      <footprint>Capacitor_SMD:C_1210_3225Metric_Pad1.42x2.65mm_HandSolder</footprint>
      <libsource lib="MotorControllerPowerBoard-rescue" part="C-MotorControllerParts_Sam" description=""/>
      <sheetpath names="/" tstamps="/"/>
      <tstamp>5C54E969</tstamp>
    </comp>
    <comp ref="C132">
      <value>4u7</value>
      <footprint>Capacitor_SMD:C_1210_3225Metric_Pad1.42x2.65mm_HandSolder</footprint>
      <libsource lib="MotorControllerPowerBoard-rescue" part="C-MotorControllerParts_Sam" description=""/>
      <sheetpath names="/" tstamps="/"/>
      <tstamp>5C54EA7D</tstamp>
    </comp>
  </components>
  <libparts>
    <libpart lib="Device" part="CP1">
      <description>Polarised capacitor</description>
      <docs>~</docs>
      <footprints>
        <fp>CP_*</fp>
      </footprints>
      <fields>
        <field name="Reference">C</field>
        <field name="Value">CP1</field>
      </fields>
      <pins>
        <pin num="1" name="~" type="passive"/>
        <pin num="2" name="~" type="passive"/>
      </pins>
    </libpart>
    <libpart lib="MotorControllerPowerBoard-rescue" part="ACS723xLCTR-20AB-MotorControllerParts_Sam">
      <footprints>
        <fp>SOIC*3.9x4.9mm*P1.27mm*</fp>
      </footprints>
      <fields>
        <field name="Reference">U</field>
        <field name="Value">ACS723xLCTR-20AB-MotorControllerParts_Sam</field>
        <field name="Footprint">Package_SO:SOIC-8_3.9x4.9mm_P1.27mm</field>
      </fields>
      <pins>
        <pin num="1" name="IP+" type="passive"/>
        <pin num="2" name="IP+" type="passive"/>
        <pin num="3" name="IP-" type="passive"/>
        <pin num="4" name="IP-" type="passive"/>
        <pin num="5" name="GND" type="power_in"/>
        <pin num="6" name="BW_SEL" type="input"/>
        <pin num="7" name="VIOUT" type="output"/>
        <pin num="8" name="VCC" type="power_in"/>
      </pins>
    </libpart>
    <libpart lib="MotorControllerPowerBoard-rescue" part="C-MotorControllerParts_Sam">
      <footprints>
        <fp>C_*</fp>
      </footprints>
      <fields>
        <field name="Reference">C</field>
        <field name="Value">C-MotorControllerParts_Sam</field>
      </fields>
      <pins>
        <pin num="1" name="~" type="passive"/>
        <pin num="2" name="~" type="passive"/>
      </pins>
    </libpart>
    <libpart lib="MotorControllerPowerBoard-rescue" part="Conn_01x03-MotorControllerParts_Sam">
      <footprints>
        <fp>Connector*:*_1x??_*</fp>
      </footprints>
      <fields>
        <field name="Reference">J</field>
        <field name="Value">Conn_01x03-MotorControllerParts_Sam</field>
      </fields>
      <pins>
        <pin num="1" name="Pin_1" type="power_out"/>
        <pin num="2" name="Pin_2" type="power_out"/>
        <pin num="3" name="Pin_3" type="power_out"/>
      </pins>
    </libpart>
    <libpart lib="MotorControllerPowerBoard-rescue" part="D_Schottky-MotorControllerParts_Sam">
      <footprints>
        <fp>TO-???*</fp>
        <fp>*_Diode_*</fp>
        <fp>*SingleDiode*</fp>
        <fp>D_*</fp>
      </footprints>
      <fields>
        <field name="Reference">D</field>
        <field name="Value">D_Schottky-MotorControllerParts_Sam</field>
      </fields>
      <pins>
        <pin num="1" name="K" type="passive"/>
        <pin num="2" name="A" type="passive"/>
      </pins>
    </libpart>
    <libpart lib="MotorControllerPowerBoard-rescue" part="D_Schottky_ALT-MotorControllerParts_Sam">
      <footprints>
        <fp>TO-???*</fp>
        <fp>*_Diode_*</fp>
        <fp>*SingleDiode*</fp>
        <fp>D_*</fp>
      </footprints>
      <fields>
        <field name="Reference">D</field>
        <field name="Value">D_Schottky_ALT-MotorControllerParts_Sam</field>
      </fields>
      <pins>
        <pin num="1" name="K" type="passive"/>
        <pin num="2" name="A" type="passive"/>
      </pins>
    </libpart>
    <libpart lib="MotorControllerPowerBoard-rescue" part="D_Zener_ALT-MotorControllerParts_Sam">
      <footprints>
        <fp>TO-???*</fp>
        <fp>*_Diode_*</fp>
        <fp>*SingleDiode*</fp>
        <fp>D_*</fp>
      </footprints>
      <fields>
        <field name="Reference">D</field>
        <field name="Value">D_Zener_ALT-MotorControllerParts_Sam</field>
      </fields>
      <pins>
        <pin num="1" name="K" type="passive"/>
        <pin num="2" name="A" type="passive"/>
      </pins>
    </libpart>
    <libpart lib="MotorControllerPowerBoard-rescue" part="D_Zener_Small_ALT-MotorControllerParts_Sam">
      <footprints>
        <fp>TO-???*</fp>
        <fp>*_Diode_*</fp>
        <fp>*SingleDiode*</fp>
        <fp>D_*</fp>
      </footprints>
      <fields>
        <field name="Reference">D</field>
        <field name="Value">D_Zener_Small_ALT-MotorControllerParts_Sam</field>
      </fields>
      <pins>
        <pin num="1" name="K" type="passive"/>
        <pin num="2" name="A" type="passive"/>
      </pins>
    </libpart>
    <libpart lib="MotorControllerPowerBoard-rescue" part="Fuse-Device">
      <footprints>
        <fp>*Fuse*</fp>
      </footprints>
      <fields>
        <field name="Reference">F</field>
        <field name="Value">Fuse-Device</field>
      </fields>
      <pins>
        <pin num="1" name="~" type="passive"/>
        <pin num="2" name="~" type="passive"/>
      </pins>
    </libpart>
    <libpart lib="MotorControllerPowerBoard-rescue" part="IRFP3306-MotorControllerParts_Sam">
      <fields>
        <field name="Reference">Q</field>
        <field name="Value">IRFP3306-MotorControllerParts_Sam</field>
      </fields>
      <pins>
        <pin num="1" name="G" type="input"/>
        <pin num="2" name="D" type="passive"/>
        <pin num="3" name="S" type="passive"/>
        <pin num="4" name="D" type="passive"/>
      </pins>
    </libpart>
    <libpart lib="MotorControllerPowerBoard-rescue" part="Jumper_NC_Small-MotorControllerParts_Sam">
      <fields>
        <field name="Reference">JP</field>
        <field name="Value">Jumper_NC_Small-MotorControllerParts_Sam</field>
      </fields>
      <pins>
        <pin num="1" name="1" type="passive"/>
        <pin num="2" name="2" type="passive"/>
      </pins>
    </libpart>
    <libpart lib="MotorControllerPowerBoard-rescue" part="L-MotorControllerParts_Sam">
      <footprints>
        <fp>Choke_*</fp>
        <fp>*Coil*</fp>
        <fp>Inductor_*</fp>
        <fp>L_*</fp>
      </footprints>
      <fields>
        <field name="Reference">L</field>
        <field name="Value">L-MotorControllerParts_Sam</field>
      </fields>
      <pins>
        <pin num="1" name="1" type="passive"/>
        <pin num="2" name="2" type="passive"/>
      </pins>
    </libpart>
    <libpart lib="MotorControllerPowerBoard-rescue" part="LED_ALT-MotorControllerParts_Sam">
      <footprints>
        <fp>LED*</fp>
        <fp>LED_SMD:*</fp>
        <fp>LED_THT:*</fp>
      </footprints>
      <fields>
        <field name="Reference">D</field>
        <field name="Value">LED_ALT-MotorControllerParts_Sam</field>
      </fields>
      <pins>
        <pin num="1" name="K" type="passive"/>
        <pin num="2" name="A" type="passive"/>
      </pins>
    </libpart>
    <libpart lib="MotorControllerPowerBoard-rescue" part="LM5109-MotorControllerParts_Sam">
      <fields>
        <field name="Reference">U</field>
        <field name="Value">LM5109-MotorControllerParts_Sam</field>
      </fields>
      <pins>
        <pin num="1" name="VDD" type="power_in"/>
        <pin num="2" name="H_in" type="input"/>
        <pin num="3" name="L_in" type="input"/>
        <pin num="4" name="VSS" type="power_in"/>
        <pin num="5" name="L_out" type="output"/>
        <pin num="6" name="H_source" type="passive"/>
        <pin num="7" name="H_out" type="output"/>
        <pin num="8" name="H_boot" type="passive"/>
      </pins>
    </libpart>
    <libpart lib="MotorControllerPowerBoard-rescue" part="LMR16020-MotorControllerParts_Sam">
      <fields>
        <field name="Reference">U</field>
        <field name="Value">LMR16020-MotorControllerParts_Sam</field>
      </fields>
      <pins>
        <pin num="0" name="PAD" type="power_in"/>
        <pin num="1" name="BOOT" type="power_in"/>
        <pin num="2" name="VIN" type="power_in"/>
        <pin num="3" name="ENABLE" type="input"/>
        <pin num="4" name="RT/SYNC" type="input"/>
        <pin num="5" name="FB" type="input"/>
        <pin num="6" name="PGOOD" type="output"/>
        <pin num="7" name="GND" type="power_in"/>
        <pin num="8" name="SW" type="power_out"/>
      </pins>
    </libpart>
    <libpart lib="MotorControllerPowerBoard-rescue" part="Power_01x02-MotorControllerParts_Sam_0">
      <footprints>
        <fp>Connector*:*_1x??_*</fp>
      </footprints>
      <fields>
        <field name="Reference">J</field>
        <field name="Value">Power_01x02-MotorControllerParts_Sam_0</field>
      </fields>
      <pins>
        <pin num="0" name="GND" type="power_in"/>
        <pin num="1" name="Pin_1" type="power_out"/>
        <pin num="2" name="Pin_2" type="power_out"/>
      </pins>
    </libpart>
    <libpart lib="MotorControllerPowerBoard-rescue" part="Power_01x03-MotorControllerParts_Sam">
      <footprints>
        <fp>Connector*:*_1x??_*</fp>
      </footprints>
      <fields>
        <field name="Reference">J</field>
        <field name="Value">Power_01x03-MotorControllerParts_Sam</field>
      </fields>
      <pins>
        <pin num="0" name="GND" type="power_in"/>
        <pin num="1" name="Pin_1" type="power_out"/>
        <pin num="2" name="Pin_2" type="power_out"/>
        <pin num="3" name="Pin_3" type="power_out"/>
      </pins>
    </libpart>
    <libpart lib="MotorControllerPowerBoard-rescue" part="R-MotorControllerParts_Sam">
      <footprints>
        <fp>R_*</fp>
      </footprints>
      <fields>
        <field name="Reference">R</field>
        <field name="Value">R-MotorControllerParts_Sam</field>
      </fields>
      <pins>
        <pin num="1" name="~" type="passive"/>
        <pin num="2" name="~" type="passive"/>
      </pins>
    </libpart>
    <libpart lib="MotorControllerPowerBoard-rescue" part="R_Small-MotorControllerParts_Sam">
      <footprints>
        <fp>R_*</fp>
      </footprints>
      <fields>
        <field name="Reference">R</field>
        <field name="Value">R_Small-MotorControllerParts_Sam</field>
      </fields>
      <pins>
        <pin num="1" name="~" type="passive"/>
        <pin num="2" name="~" type="passive"/>
      </pins>
    </libpart>
    <libpart lib="MotorControllerPowerBoard-rescue" part="SUP90P06-09L-MotorControllerParts_Sam">
      <fields>
        <field name="Reference">Q</field>
        <field name="Value">SUP90P06-09L-MotorControllerParts_Sam</field>
      </fields>
      <pins>
        <pin num="1" name="G" type="input"/>
        <pin num="2" name="D" type="passive"/>
        <pin num="3" name="S" type="passive"/>
      </pins>
    </libpart>
    <libpart lib="MotorControllerPowerBoard-rescue" part="TestPoint-MotorControllerParts_Sam">
      <footprints>
        <fp>Pin*</fp>
        <fp>Test*</fp>
      </footprints>
      <fields>
        <field name="Reference">TP</field>
        <field name="Value">TestPoint-MotorControllerParts_Sam</field>
      </fields>
      <pins>
        <pin num="1" name="1" type="passive"/>
      </pins>
    </libpart>
    <libpart lib="MotorControllerPowerBoard-rescue" part="TestPoint_2Pole-MotorControllerParts_Sam">
      <footprints>
        <fp>Pin*</fp>
        <fp>Test*</fp>
      </footprints>
      <fields>
        <field name="Reference">TP</field>
        <field name="Value">TestPoint_2Pole-MotorControllerParts_Sam</field>
      </fields>
      <pins>
        <pin num="1" name="1" type="passive"/>
        <pin num="2" name="2" type="passive"/>
      </pins>
    </libpart>
    <libpart lib="MotorControllerPowerBoard-rescue" part="Trinamic-Bridge-MotorControllerParts_Sam">
      <footprints>
        <fp>Connector*:*_2x??_*</fp>
      </footprints>
      <fields>
        <field name="Reference">J</field>
        <field name="Value">Trinamic-Bridge-MotorControllerParts_Sam</field>
      </fields>
      <pins>
        <pin num="1" name="V_MOT" type="passive"/>
        <pin num="2" name="GND" type="passive"/>
        <pin num="3" name="GND" type="passive"/>
        <pin num="4" name="IO_CLK" type="passive"/>
        <pin num="5" name="+5V_USB" type="passive"/>
        <pin num="6" name="CS_CH0" type="passive"/>
        <pin num="7" name="ID_CH1" type="passive"/>
        <pin num="8" name="DIO0" type="passive"/>
        <pin num="9" name="DIO1" type="passive"/>
        <pin num="10" name="DIO2" type="passive"/>
        <pin num="11" name="DIO3" type="passive"/>
        <pin num="12" name="DIO4" type="passive"/>
        <pin num="13" name="DIO5" type="passive"/>
        <pin num="14" name="AIN0" type="passive"/>
        <pin num="15" name="AIN1" type="passive"/>
        <pin num="16" name="AIN2" type="passive"/>
        <pin num="17" name="DIO6" type="passive"/>
        <pin num="18" name="DIO7" type="passive"/>
        <pin num="19" name="DIO8" type="passive"/>
        <pin num="20" name="DIO9" type="passive"/>
        <pin num="21" name="DIO10" type="passive"/>
        <pin num="22" name="DIO11" type="passive"/>
        <pin num="23" name="CLK16" type="passive"/>
        <pin num="24" name="SPI2_CSN0" type="passive"/>
        <pin num="25" name="SPI2_CSN1" type="passive"/>
        <pin num="26" name="SPI2_CSN2" type="passive"/>
        <pin num="27" name="SPI2_SCK" type="passive"/>
        <pin num="28" name="SPI2_SDO" type="passive"/>
        <pin num="29" name="SPI2_SDI" type="passive"/>
        <pin num="30" name="SPI1_CSN" type="passive"/>
        <pin num="31" name="SPI1_SCK" type="passive"/>
        <pin num="32" name="SPI1_SDI" type="passive"/>
        <pin num="33" name="SPI1_SDO" type="passive"/>
        <pin num="34" name="DIO12" type="passive"/>
        <pin num="35" name="DIO13" type="passive"/>
        <pin num="36" name="DIO14" type="passive"/>
        <pin num="37" name="DIO15" type="passive"/>
        <pin num="38" name="DIO16" type="passive"/>
        <pin num="39" name="DIO17" type="passive"/>
        <pin num="40" name="DIO18" type="passive"/>
        <pin num="41" name="DIO19" type="passive"/>
        <pin num="42" name="+5V_VM" type="passive"/>
        <pin num="43" name="GND" type="passive"/>
        <pin num="44" name="GND" type="passive"/>
      </pins>
    </libpart>
  </libparts>
  <libraries>
    <library logical="Device">
      <uri>C:\Program Files\KiCad\share\kicad\library/Device.lib</uri>
    </library>
    <library logical="MotorControllerPowerBoard-rescue">
      <uri>H:\Senior_Design\MotorControllerPowerBoard (copy)\MotorControllerPowerBoard/MotorControllerPowerBoard-rescue.lib</uri>
    </library>
  </libraries>
  <nets>
    <net code="1" name="Net-(C112-Pad2)">
      <node ref="R124" pin="1"/>
      <node ref="C112" pin="2"/>
    </net>
    <net code="2" name="/PH1">
      <node ref="U107" pin="1"/>
      <node ref="U107" pin="2"/>
      <node ref="Q104" pin="3"/>
      <node ref="C110" pin="1"/>
      <node ref="U105" pin="6"/>
      <node ref="D112" pin="2"/>
      <node ref="Q105" pin="2"/>
      <node ref="C112" pin="1"/>
      <node ref="D115" pin="2"/>
      <node ref="D116" pin="1"/>
      <node ref="Q105" pin="4"/>
    </net>
    <net code="3" name="Net-(Q105-Pad1)">
      <node ref="R130" pin="1"/>
      <node ref="Q105" pin="1"/>
    </net>
    <net code="4" name="Net-(D112-Pad1)">
      <node ref="R127" pin="1"/>
      <node ref="D112" pin="1"/>
      <node ref="Q104" pin="1"/>
    </net>
    <net code="5" name="+BATT">
      <node ref="C129" pin="1"/>
      <node ref="C119" pin="1"/>
      <node ref="C123" pin="1"/>
      <node ref="C131" pin="1"/>
      <node ref="C130" pin="1"/>
      <node ref="C125" pin="1"/>
      <node ref="U101" pin="2"/>
      <node ref="D104" pin="1"/>
      <node ref="C122" pin="1"/>
      <node ref="D119" pin="1"/>
      <node ref="Q102" pin="4"/>
      <node ref="J108" pin="1"/>
      <node ref="Q101" pin="3"/>
      <node ref="D110" pin="1"/>
      <node ref="F101" pin="1"/>
      <node ref="C120" pin="1"/>
      <node ref="C121" pin="1"/>
      <node ref="C132" pin="1"/>
      <node ref="Q102" pin="2"/>
      <node ref="J101" pin="1"/>
      <node ref="Q108" pin="4"/>
      <node ref="Q108" pin="2"/>
      <node ref="D117" pin="1"/>
      <node ref="D115" pin="1"/>
      <node ref="Q106" pin="2"/>
      <node ref="Q104" pin="4"/>
      <node ref="Q104" pin="2"/>
      <node ref="Q106" pin="4"/>
    </net>
    <net code="6" name="Net-(D104-Pad2)">
      <node ref="D104" pin="2"/>
      <node ref="R112" pin="1"/>
      <node ref="Q101" pin="1"/>
    </net>
    <net code="7" name="/LS1">
      <node ref="U105" pin="5"/>
      <node ref="TP101" pin="1"/>
      <node ref="R130" pin="2"/>
    </net>
    <net code="8" name="/HS1">
      <node ref="R127" pin="2"/>
      <node ref="U105" pin="7"/>
    </net>
    <net code="9" name="Net-(C113-Pad2)">
      <node ref="R125" pin="1"/>
      <node ref="C113" pin="2"/>
    </net>
    <net code="10" name="/PH2">
      <node ref="C109" pin="2"/>
      <node ref="Q106" pin="3"/>
      <node ref="Q107" pin="2"/>
      <node ref="U104" pin="6"/>
      <node ref="D118" pin="1"/>
      <node ref="D117" pin="2"/>
      <node ref="D113" pin="2"/>
      <node ref="U108" pin="1"/>
      <node ref="U108" pin="2"/>
      <node ref="Q107" pin="4"/>
      <node ref="C113" pin="1"/>
    </net>
    <net code="11" name="Net-(D113-Pad1)">
      <node ref="R128" pin="1"/>
      <node ref="Q106" pin="1"/>
      <node ref="D113" pin="1"/>
    </net>
    <net code="12" name="Net-(Q107-Pad1)">
      <node ref="R131" pin="1"/>
      <node ref="Q107" pin="1"/>
    </net>
    <net code="13" name="/LS2">
      <node ref="R131" pin="2"/>
      <node ref="TP103" pin="1"/>
      <node ref="U104" pin="5"/>
    </net>
    <net code="14" name="/HS2">
      <node ref="U104" pin="7"/>
      <node ref="R128" pin="2"/>
      <node ref="TP111" pin="1"/>
    </net>
    <net code="15" name="/P3L_in">
      <node ref="J101" pin="21"/>
      <node ref="J104" pin="1"/>
    </net>
    <net code="16" name="/P3H_in">
      <node ref="J101" pin="22"/>
      <node ref="J103" pin="1"/>
    </net>
    <net code="17" name="/BL2">
      <node ref="U104" pin="3"/>
      <node ref="J101" pin="19"/>
      <node ref="R106" pin="1"/>
      <node ref="J104" pin="3"/>
    </net>
    <net code="18" name="/BL3">
      <node ref="R108" pin="1"/>
      <node ref="J104" pin="2"/>
      <node ref="U103" pin="3"/>
    </net>
    <net code="19" name="/BH2">
      <node ref="R105" pin="1"/>
      <node ref="U104" pin="2"/>
      <node ref="J101" pin="20"/>
      <node ref="J103" pin="3"/>
    </net>
    <net code="20" name="/BL1">
      <node ref="R104" pin="1"/>
      <node ref="U105" pin="3"/>
      <node ref="J101" pin="17"/>
      <node ref="J106" pin="3"/>
    </net>
    <net code="21" name="/BH1">
      <node ref="J105" pin="3"/>
      <node ref="J101" pin="18"/>
      <node ref="U105" pin="2"/>
      <node ref="R103" pin="1"/>
    </net>
    <net code="22" name="/BH3">
      <node ref="R107" pin="1"/>
      <node ref="J103" pin="2"/>
      <node ref="U103" pin="2"/>
    </net>
    <net code="23" name="/BL4">
      <node ref="R110" pin="1"/>
      <node ref="J106" pin="2"/>
      <node ref="U102" pin="3"/>
    </net>
    <net code="24" name="GNDD">
      <node ref="R102" pin="2"/>
      <node ref="J105" pin="1"/>
      <node ref="JP102" pin="2"/>
      <node ref="TP113" pin="2"/>
      <node ref="R101" pin="2"/>
    </net>
    <net code="25" name="/BW_SEL">
      <node ref="U107" pin="6"/>
      <node ref="U106" pin="6"/>
      <node ref="C115" pin="1"/>
      <node ref="J110" pin="2"/>
      <node ref="R116" pin="1"/>
      <node ref="U108" pin="6"/>
    </net>
    <net code="26" name="/BH4">
      <node ref="J105" pin="2"/>
      <node ref="U102" pin="2"/>
      <node ref="R109" pin="1"/>
    </net>
    <net code="27" name="/BRAKE">
      <node ref="TP113" pin="1"/>
      <node ref="J101" pin="36"/>
      <node ref="J106" pin="1"/>
    </net>
    <net code="28" name="+5V">
      <node ref="C116" pin="1"/>
      <node ref="C126" pin="1"/>
      <node ref="U106" pin="8"/>
      <node ref="U108" pin="8"/>
      <node ref="U107" pin="8"/>
      <node ref="C118" pin="1"/>
      <node ref="R113" pin="1"/>
      <node ref="C117" pin="1"/>
      <node ref="J110" pin="1"/>
      <node ref="R116" pin="2"/>
      <node ref="J101" pin="42"/>
      <node ref="C127" pin="1"/>
    </net>
    <net code="29" name="/V_IN">
      <node ref="C124" pin="1"/>
      <node ref="Q101" pin="2"/>
      <node ref="J102" pin="1"/>
      <node ref="F101" pin="2"/>
    </net>
    <net code="30" name="/MOTOR_PH1">
      <node ref="U107" pin="4"/>
      <node ref="U107" pin="3"/>
      <node ref="J107" pin="3"/>
    </net>
    <net code="31" name="/MOTOR_PH2">
      <node ref="U108" pin="4"/>
      <node ref="J107" pin="2"/>
      <node ref="U108" pin="3"/>
    </net>
    <net code="32" name="/I_Ph_1">
      <node ref="J109" pin="1"/>
      <node ref="U107" pin="7"/>
      <node ref="TP104" pin="1"/>
    </net>
    <net code="33" name="/ADC_I_Sum">
      <node ref="U106" pin="7"/>
      <node ref="TP102" pin="1"/>
      <node ref="J101" pin="16"/>
      <node ref="J109" pin="3"/>
    </net>
    <net code="34" name="/ADC_I_Ph_2">
      <node ref="U108" pin="7"/>
      <node ref="TP107" pin="1"/>
      <node ref="J101" pin="14"/>
    </net>
    <net code="35" name="/ADC_I_Ph_1">
      <node ref="J101" pin="15"/>
      <node ref="J109" pin="2"/>
    </net>
    <net code="36" name="Net-(D101-Pad2)">
      <node ref="D101" pin="2"/>
      <node ref="D102" pin="2"/>
      <node ref="R113" pin="2"/>
    </net>
    <net code="37" name="GNDPWR">
      <node ref="JP101" pin="1"/>
      <node ref="C120" pin="2"/>
      <node ref="J102" pin="0"/>
      <node ref="C124" pin="2"/>
      <node ref="C121" pin="2"/>
      <node ref="C123" pin="2"/>
      <node ref="C122" pin="2"/>
      <node ref="J108" pin="0"/>
      <node ref="J107" pin="0"/>
      <node ref="U106" pin="4"/>
      <node ref="U106" pin="3"/>
      <node ref="J102" pin="2"/>
      <node ref="R112" pin="2"/>
      <node ref="C125" pin="2"/>
    </net>
    <net code="38" name="/P_GOOD">
      <node ref="D101" pin="1"/>
      <node ref="U101" pin="6"/>
    </net>
    <net code="39" name="GNDMOS">
      <node ref="C102" pin="2"/>
      <node ref="TP101" pin="2"/>
      <node ref="U103" pin="4"/>
      <node ref="U104" pin="4"/>
      <node ref="TP110" pin="2"/>
      <node ref="R109" pin="2"/>
      <node ref="TP105" pin="2"/>
      <node ref="R103" pin="2"/>
      <node ref="TP106" pin="2"/>
      <node ref="TP103" pin="2"/>
      <node ref="TP114" pin="2"/>
      <node ref="C103" pin="2"/>
      <node ref="C104" pin="2"/>
      <node ref="TP111" pin="2"/>
      <node ref="Q103" pin="3"/>
      <node ref="R105" pin="2"/>
      <node ref="R104" pin="2"/>
      <node ref="U105" pin="4"/>
      <node ref="R110" pin="2"/>
      <node ref="R106" pin="2"/>
      <node ref="R107" pin="2"/>
      <node ref="R108" pin="2"/>
      <node ref="C131" pin="2"/>
      <node ref="C128" pin="2"/>
      <node ref="C132" pin="2"/>
      <node ref="D120" pin="2"/>
      <node ref="R121" pin="2"/>
      <node ref="C129" pin="2"/>
      <node ref="C130" pin="2"/>
      <node ref="D102" pin="1"/>
      <node ref="D111" pin="2"/>
      <node ref="D103" pin="2"/>
      <node ref="Q107" pin="3"/>
      <node ref="D118" pin="2"/>
      <node ref="R125" pin="2"/>
      <node ref="D116" pin="2"/>
      <node ref="Q105" pin="3"/>
      <node ref="R124" pin="2"/>
      <node ref="U101" pin="7"/>
      <node ref="U101" pin="0"/>
      <node ref="U102" pin="4"/>
      <node ref="HS102" pin="1"/>
      <node ref="HS101" pin="1"/>
      <node ref="C119" pin="2"/>
      <node ref="Q109" pin="3"/>
      <node ref="R126" pin="2"/>
      <node ref="U106" pin="1"/>
      <node ref="U106" pin="2"/>
      <node ref="R115" pin="2"/>
      <node ref="C106" pin="2"/>
      <node ref="C105" pin="2"/>
      <node ref="R111" pin="2"/>
    </net>
    <net code="40" name="Net-(D114-Pad1)">
      <node ref="D114" pin="1"/>
      <node ref="Q108" pin="1"/>
      <node ref="R129" pin="1"/>
    </net>
    <net code="41" name="Net-(C114-Pad2)">
      <node ref="R126" pin="1"/>
      <node ref="C114" pin="2"/>
    </net>
    <net code="42" name="/MOTOR_PH3">
      <node ref="U103" pin="6"/>
      <node ref="D120" pin="1"/>
      <node ref="Q108" pin="3"/>
      <node ref="D119" pin="2"/>
      <node ref="C108" pin="1"/>
      <node ref="J107" pin="1"/>
      <node ref="D114" pin="2"/>
      <node ref="C114" pin="1"/>
      <node ref="Q109" pin="4"/>
      <node ref="Q109" pin="2"/>
    </net>
    <net code="43" name="Net-(Q109-Pad1)">
      <node ref="R132" pin="1"/>
      <node ref="Q109" pin="1"/>
    </net>
    <net code="44" name="/LS3">
      <node ref="TP105" pin="1"/>
      <node ref="U103" pin="5"/>
      <node ref="R132" pin="2"/>
    </net>
    <net code="45" name="/HS3">
      <node ref="U103" pin="7"/>
      <node ref="R129" pin="2"/>
    </net>
    <net code="46" name="GNDA">
      <node ref="TP104" pin="2"/>
      <node ref="U107" pin="5"/>
      <node ref="U108" pin="5"/>
      <node ref="TP102" pin="2"/>
      <node ref="U106" pin="5"/>
      <node ref="JP102" pin="1"/>
      <node ref="JP101" pin="2"/>
      <node ref="TP107" pin="2"/>
      <node ref="C117" pin="2"/>
      <node ref="J101" pin="2"/>
      <node ref="C127" pin="2"/>
      <node ref="C118" pin="2"/>
      <node ref="J101" pin="44"/>
      <node ref="J101" pin="43"/>
      <node ref="C115" pin="2"/>
      <node ref="C116" pin="2"/>
      <node ref="C126" pin="2"/>
      <node ref="J110" pin="3"/>
      <node ref="J101" pin="3"/>
    </net>
    <net code="47" name="/EXTREF_2V5">
      <node ref="J101" pin="6"/>
    </net>
    <net code="48" name="Net-(C107-Pad2)">
      <node ref="C107" pin="2"/>
      <node ref="U102" pin="8"/>
      <node ref="D105" pin="1"/>
    </net>
    <net code="49" name="Net-(D106-Pad2)">
      <node ref="R118" pin="1"/>
      <node ref="D106" pin="2"/>
    </net>
    <net code="50" name="Net-(C108-Pad2)">
      <node ref="U103" pin="8"/>
      <node ref="C108" pin="2"/>
      <node ref="D106" pin="1"/>
    </net>
    <net code="51" name="Net-(J101-Pad11)">
      <node ref="J101" pin="11"/>
    </net>
    <net code="52" name="Net-(J101-Pad12)">
      <node ref="J101" pin="12"/>
    </net>
    <net code="53" name="Net-(D107-Pad2)">
      <node ref="D107" pin="2"/>
      <node ref="R119" pin="1"/>
    </net>
    <net code="54" name="/LS4">
      <node ref="TP106" pin="1"/>
      <node ref="R123" pin="2"/>
      <node ref="U102" pin="5"/>
    </net>
    <net code="55" name="Net-(D105-Pad2)">
      <node ref="D105" pin="2"/>
      <node ref="R117" pin="1"/>
    </net>
    <net code="56" name="/HS4">
      <node ref="TP114" pin="1"/>
      <node ref="R122" pin="2"/>
      <node ref="U102" pin="7"/>
    </net>
    <net code="57" name="Net-(Q103-Pad1)">
      <node ref="R123" pin="1"/>
      <node ref="Q103" pin="1"/>
    </net>
    <net code="58" name="/MOTOR_PH4">
      <node ref="J108" pin="2"/>
      <node ref="U102" pin="6"/>
      <node ref="C107" pin="1"/>
      <node ref="D111" pin="1"/>
      <node ref="D110" pin="2"/>
      <node ref="C111" pin="1"/>
      <node ref="D109" pin="2"/>
      <node ref="Q102" pin="3"/>
      <node ref="Q103" pin="4"/>
      <node ref="Q103" pin="2"/>
    </net>
    <net code="59" name="Net-(D108-Pad2)">
      <node ref="D108" pin="2"/>
      <node ref="R120" pin="1"/>
    </net>
    <net code="60" name="Net-(C110-Pad2)">
      <node ref="C110" pin="2"/>
      <node ref="D108" pin="1"/>
      <node ref="U105" pin="8"/>
    </net>
    <net code="61" name="/V_BUCK">
      <node ref="C128" pin="1"/>
      <node ref="C106" pin="1"/>
      <node ref="R114" pin="1"/>
      <node ref="R118" pin="2"/>
      <node ref="R117" pin="2"/>
      <node ref="C104" pin="1"/>
      <node ref="U104" pin="1"/>
      <node ref="R120" pin="2"/>
      <node ref="U103" pin="1"/>
      <node ref="U102" pin="1"/>
      <node ref="C105" pin="1"/>
      <node ref="TP110" pin="1"/>
      <node ref="U105" pin="1"/>
      <node ref="R119" pin="2"/>
      <node ref="C103" pin="1"/>
      <node ref="L101" pin="2"/>
      <node ref="C102" pin="1"/>
    </net>
    <net code="62" name="Net-(C109-Pad1)">
      <node ref="U104" pin="8"/>
      <node ref="D107" pin="1"/>
      <node ref="C109" pin="1"/>
    </net>
    <net code="63" name="Net-(J101-Pad37)">
      <node ref="J101" pin="37"/>
    </net>
    <net code="64" name="Net-(J101-Pad10)">
      <node ref="J101" pin="10"/>
    </net>
    <net code="65" name="Net-(J101-Pad8)">
      <node ref="J101" pin="8"/>
    </net>
    <net code="66" name="Net-(J101-Pad4)">
      <node ref="J101" pin="4"/>
    </net>
    <net code="67" name="Net-(J101-Pad5)">
      <node ref="J101" pin="5"/>
    </net>
    <net code="68" name="Net-(J101-Pad9)">
      <node ref="J101" pin="9"/>
    </net>
    <net code="69" name="Net-(J101-Pad13)">
      <node ref="J101" pin="13"/>
    </net>
    <net code="70" name="Net-(J101-Pad25)">
      <node ref="J101" pin="25"/>
    </net>
    <net code="71" name="Net-(J101-Pad31)">
      <node ref="J101" pin="31"/>
    </net>
    <net code="72" name="Net-(J101-Pad33)">
      <node ref="J101" pin="33"/>
    </net>
    <net code="73" name="Net-(J101-Pad24)">
      <node ref="J101" pin="24"/>
    </net>
    <net code="74" name="Net-(J101-Pad39)">
      <node ref="J101" pin="39"/>
    </net>
    <net code="75" name="Net-(J101-Pad41)">
      <node ref="J101" pin="41"/>
    </net>
    <net code="76" name="Net-(J101-Pad7)">
      <node ref="J101" pin="7"/>
    </net>
    <net code="77" name="Net-(J101-Pad38)">
      <node ref="J101" pin="38"/>
    </net>
    <net code="78" name="Net-(J101-Pad32)">
      <node ref="J101" pin="32"/>
    </net>
    <net code="79" name="Net-(J101-Pad30)">
      <node ref="J101" pin="30"/>
    </net>
    <net code="80" name="Net-(J101-Pad28)">
      <node ref="J101" pin="28"/>
    </net>
    <net code="81" name="Net-(J101-Pad27)">
      <node ref="J101" pin="27"/>
    </net>
    <net code="82" name="/P4L_in">
      <node ref="J101" pin="26"/>
    </net>
    <net code="83" name="/P4H_in">
      <node ref="J101" pin="23"/>
    </net>
    <net code="84" name="/ENABLE">
      <node ref="J101" pin="40"/>
      <node ref="U101" pin="3"/>
    </net>
    <net code="85" name="Net-(J101-Pad29)">
      <node ref="J101" pin="29"/>
    </net>
    <net code="86" name="Net-(D109-Pad1)">
      <node ref="R122" pin="1"/>
      <node ref="D109" pin="1"/>
      <node ref="Q102" pin="1"/>
    </net>
    <net code="87" name="/PWM_H_IDLE">
      <node ref="R101" pin="1"/>
      <node ref="J101" pin="34"/>
    </net>
    <net code="88" name="/PWM_L_IDLE">
      <node ref="J101" pin="35"/>
      <node ref="R102" pin="1"/>
    </net>
    <net code="89" name="Net-(C111-Pad2)">
      <node ref="C111" pin="2"/>
      <node ref="R121" pin="1"/>
    </net>
    <net code="90" name="Net-(C101-Pad1)">
      <node ref="C101" pin="1"/>
      <node ref="D103" pin="1"/>
      <node ref="U101" pin="8"/>
      <node ref="L101" pin="1"/>
    </net>
    <net code="91" name="Net-(C101-Pad2)">
      <node ref="U101" pin="1"/>
      <node ref="C101" pin="2"/>
    </net>
    <net code="92" name="Net-(R114-Pad2)">
      <node ref="U101" pin="5"/>
      <node ref="R114" pin="2"/>
      <node ref="R115" pin="1"/>
    </net>
    <net code="93" name="Net-(R111-Pad1)">
      <node ref="R111" pin="1"/>
      <node ref="U101" pin="4"/>
    </net>
  </nets>
</export>
